{
  "minimumRSAKeySize-cee51871-e572-4576-855c-047c820360f0": {
    "type": "Integer",
    "metadata": {
      "description": "The minimum key size for RSA certificates.",
      "displayName": "Minimum RSA key size for Certificates"
    },
    "allowedValues": [
      2048,
      3072,
      4096
    ],
    "defaultValue": 3072
  },
  "requiredRetentionDays": {
    "type": "String",
    "metadata": {
      "description": "",
      "displayName": "Required retention period (days) for resource logs"
    },
    "defaultValue": "365"
  },
  "labelSelector": {
    "type": "Object",
    "metadata": {
      "description": "Label query to select Kubernetes resources to include for policy evaluation; an empty label selector will result in policies evaluated on all Kubernetes resources",
      "displayName": "Kubernetes label selector for resources included for evaluation of Kubernetes cluster policies in this initiative"
    },
    "defaultValue": {}
  },
  "minimumRSAKeySize-82067dbb-e53b-4e06-b631-546d197452d9": {
    "type": "Integer",
    "metadata": {
      "description": "The minimum key size for RSA certificates.",
      "displayName": "Minimum RSA key size for Keys"
    },
    "allowedValues": [
      2048,
      3072,
      4096
    ],
    "defaultValue": 3072
  },
  "auditonly-ulc": {
    "type": "String",
    "metadata": {
      "description": "'Audit' allows a non-compliant resource to be created, but flags it as non-compliant. 'Deny' blocks the resource creation. 'Disable' turns off the policy.",
      "displayName": "Setting the default parameter for the policy to Audit as this is a Compliance policy initiative"
    },
    "allowedValues": [
      "audit",
      "Audit",
      "deny",
      "Deny",
      "disabled",
      "Disabled"
    ],
    "defaultValue": "Audit"
  },
  "auditonly-three": {
    "type": "String",
    "metadata": {
      "displayName": "Policy Effect",
      "description": "The desired effect of the policy."
    },
    "allowedValues": [
      "Audit",
      "Deny",
      "Disabled"
    ],
    "defaultValue": "Audit"
  }
}
