[
  {
    "policyDefinitionReferenceId": "Vulnerability assessment should be enabled on your SQL servers_1",
    "policyDefinitionId": "/providers/Microsoft.Authorization/policyDefinitions/ef2a8f2a-b3d9-49cd-a8a8-9a3aaaf647d9",
    "parameters": {},
    "groupNames": [
      "06.2.5.C.01."
    ]
  },
  {
    "policyDefinitionReferenceId": "A vulnerability assessment solution should be enabled on your virtual machines_1",
    "policyDefinitionId": "/providers/Microsoft.Authorization/policyDefinitions/501541f7-f7e7-4cd6-868c-4190fdad3ac9",
    "parameters": {},
    "groupNames": [
      "06.2.5.C.01."
    ]
  },
  {
    "policyDefinitionReferenceId": "Vulnerability assessment should be enabled on SQL Managed Instance_1",
    "policyDefinitionId": "/providers/Microsoft.Authorization/policyDefinitions/1b7aa243-30e4-4c9e-bca8-d0d3022b634a",
    "parameters": {},
    "groupNames": [
      "06.2.5.C.01."
    ]
  },
  {
    "policyDefinitionReferenceId": "SQL servers on machines should have vulnerability findings resolved_1",
    "policyDefinitionId": "/providers/Microsoft.Authorization/policyDefinitions/6ba6d016-e7c3-4842-b8f2-4992ebc0d72d",
    "parameters": {},
    "groupNames": [
      "06.2.6.C.01."
    ]
  },
  {
    "policyDefinitionReferenceId": "Running container images should have vulnerability findings resolved_1",
    "policyDefinitionId": "/providers/Microsoft.Authorization/policyDefinitions/0fc39691-5a3f-4e3e-94ee-2e6447309ad9",
    "parameters": {},
    "groupNames": [
      "06.2.6.C.01."
    ]
  },
  {
    "policyDefinitionReferenceId": "Vulnerabilities in container security configurations should be remediated_1",
    "policyDefinitionId": "/providers/Microsoft.Authorization/policyDefinitions/e8cbc669-f12d-49eb-93e7-9273119e9933",
    "parameters": {},
    "groupNames": [
      "06.2.6.C.01."
    ]
  },
  {
    "policyDefinitionReferenceId": "Container registry images should have vulnerability findings resolved_1",
    "policyDefinitionId": "/providers/Microsoft.Authorization/policyDefinitions/5f0f936f-2f01-4bf5-b6be-d423792fa562",
    "parameters": {},
    "groupNames": [
      "06.2.6.C.01."
    ]
  },
  {
    "policyDefinitionReferenceId": "Vulnerabilities in security configuration on your machines should be remediated_1",
    "policyDefinitionId": "/providers/Microsoft.Authorization/policyDefinitions/e1e5fd5d-3e4c-4ce1-8661-7d1873ae6b15",
    "parameters": {},
    "groupNames": [
      "06.2.6.C.01."
    ]
  },
  {
    "policyDefinitionReferenceId": "Vulnerabilities in security configuration on your virtual machine scale sets should be remediated_1",
    "policyDefinitionId": "/providers/Microsoft.Authorization/policyDefinitions/3c735d8a-a4ba-4a3a-b7cf-db7754cf57f4",
    "parameters": {},
    "groupNames": [
      "06.2.6.C.01."
    ]
  },
  {
    "policyDefinitionReferenceId": "SQL databases should have vulnerability findings resolved_1",
    "policyDefinitionId": "/providers/Microsoft.Authorization/policyDefinitions/feedbf84-6b99-488c-acc2-71c829aa5ffc",
    "parameters": {},
    "groupNames": [
      "06.2.6.C.01."
    ]
  },
  {
    "policyDefinitionReferenceId": "Audit virtual machines without disaster recovery configured_1",
    "policyDefinitionId": "/providers/Microsoft.Authorization/policyDefinitions/0015ea4d-51ff-4ce3-8d8c-f3f8f0179a56",
    "parameters": {},
    "groupNames": [
      "06.4.5.C.01."
    ]
  },
  {
    "policyDefinitionReferenceId": "Azure Defender for DNS should be enabled_1",
    "policyDefinitionId": "/providers/Microsoft.Authorization/policyDefinitions/bdc59948-5574-49b3-bb91-76b7c986428d",
    "parameters": {},
    "groupNames": [
      "07.1.7.C.02."
    ]
  },
  {
    "policyDefinitionReferenceId": "Azure Defender for App Service should be enabled_1",
    "policyDefinitionId": "/providers/Microsoft.Authorization/policyDefinitions/2913021d-f2fd-4f3d-b958-22354e2bdbcb",
    "parameters": {},
    "groupNames": [
      "07.1.7.C.02."
    ]
  },
  {
    "policyDefinitionReferenceId": "Azure Defender for Azure SQL Database servers should be enabled_1",
    "policyDefinitionId": "/providers/Microsoft.Authorization/policyDefinitions/7fe3b40f-802b-4cdd-8bd4-fd799c948cc2",
    "parameters": {},
    "groupNames": [
      "07.1.7.C.02."
    ]
  },
  {
    "policyDefinitionReferenceId": "Azure Defender for open-source relational databases should be enabled_1",
    "policyDefinitionId": "/providers/Microsoft.Authorization/policyDefinitions/0a9fbe0d-c5c4-4da8-87d8-f4fd77338835",
    "parameters": {},
    "groupNames": [
      "07.1.7.C.02."
    ]
  },
  {
    "policyDefinitionReferenceId": "Azure Defender for Resource Manager should be enabled_1",
    "policyDefinitionId": "/providers/Microsoft.Authorization/policyDefinitions/c3d20c29-b36d-48fe-808b-99a87530ad99",
    "parameters": {},
    "groupNames": [
      "07.1.7.C.02."
    ]
  },
  {
    "policyDefinitionReferenceId": "Azure Defender for servers should be enabled_1",
    "policyDefinitionId": "/providers/Microsoft.Authorization/policyDefinitions/4da35fc9-c9e7-4960-aec9-797fe7d9051d",
    "parameters": {},
    "groupNames": [
      "07.1.7.C.02."
    ]
  },
  {
    "policyDefinitionReferenceId": "Azure Defender for SQL servers on machines should be enabled_1",
    "policyDefinitionId": "/providers/Microsoft.Authorization/policyDefinitions/6581d072-105e-4418-827f-bd446d56421b",
    "parameters": {},
    "groupNames": [
      "07.1.7.C.02."
    ]
  },
  {
    "policyDefinitionReferenceId": "Azure Defender for SQL should be enabled for unprotected Azure SQL servers_1",
    "policyDefinitionId": "/providers/Microsoft.Authorization/policyDefinitions/abfb4388-5bf4-4ad7-ba82-2cd2f41ceae9",
    "parameters": {},
    "groupNames": [
      "07.1.7.C.02."
    ]
  },
  {
    "policyDefinitionReferenceId": "Azure Defender for SQL should be enabled for unprotected SQL Managed Instances_1",
    "policyDefinitionId": "/providers/Microsoft.Authorization/policyDefinitions/abfb7388-5bf4-4ad7-ba99-2cd2f41cebb9",
    "parameters": {},
    "groupNames": [
      "07.1.7.C.02."
    ]
  },
  {
    "policyDefinitionReferenceId": "Microsoft Defender for Storage (Classic) should be enabled_1",
    "policyDefinitionId": "/providers/Microsoft.Authorization/policyDefinitions/308fbb08-4ab8-4e67-9b29-592e93fb94fa",
    "parameters": {},
    "groupNames": [
      "07.1.7.C.02."
    ]
  },
  {
    "policyDefinitionReferenceId": "Microsoft Defender for Containers should be enabled_1",
    "policyDefinitionId": "/providers/Microsoft.Authorization/policyDefinitions/1c988dd6-ade4-430f-a608-2a3e5b0a6d38",
    "parameters": {},
    "groupNames": [
      "07.1.7.C.02."
    ]
  },
  {
    "policyDefinitionReferenceId": "Azure Kubernetes Service clusters should have Defender profile enabled_1",
    "policyDefinitionId": "/providers/Microsoft.Authorization/policyDefinitions/a1840de2-8088-4ea8-b153-b4c723e9cb01",
    "parameters": {},
    "groupNames": [
      "07.1.7.C.02."
    ]
  },
  {
    "policyDefinitionReferenceId": "Azure Defender for Key Vault should be enabled_1",
    "policyDefinitionId": "/providers/Microsoft.Authorization/policyDefinitions/0e6763cc-5078-4e64-889d-ff4d9a839047",
    "parameters": {},
    "groupNames": [
      "07.1.7.C.02."
    ]
  },
  {
    "policyDefinitionReferenceId": "Email notification for high severity alerts should be enabled_1",
    "policyDefinitionId": "/providers/Microsoft.Authorization/policyDefinitions/6e2593d9-add6-4083-9c9b-4b7d2188c899",
    "parameters": {},
    "groupNames": [
      "07.2.22.C.01."
    ]
  },
  {
    "policyDefinitionReferenceId": "Subscriptions should have a contact email address for security issues_1",
    "policyDefinitionId": "/providers/Microsoft.Authorization/policyDefinitions/4f4f78b8-e367-4b10-a341-d9a4ad5cf1c7",
    "parameters": {},
    "groupNames": [
      "07.2.22.C.01."
    ]
  },
  {
    "policyDefinitionReferenceId": "Email notification to subscription owner for high severity alerts should be enabled_1",
    "policyDefinitionId": "/providers/Microsoft.Authorization/policyDefinitions/0b15565f-aa9e-48ba-8619-45960f2c314d",
    "parameters": {},
    "groupNames": [
      "07.2.22.C.01."
    ]
  },
  {
    "policyDefinitionReferenceId": "API Management services should use a virtual network_1",
    "policyDefinitionId": "/providers/Microsoft.Authorization/policyDefinitions/ef619a2c-cc4d-4d03-b2ba-8c94a834d85b",
    "parameters": {},
    "groupNames": [
      "10.8.35.C.01."
    ]
  },
  {
    "policyDefinitionReferenceId": "Public network access should be disabled for PostgreSQL flexible servers_1",
    "policyDefinitionId": "/providers/Microsoft.Authorization/policyDefinitions/5e1de0e3-42cb-4ebc-a86d-61d0c619ca48",
    "parameters": {},
    "groupNames": [
      "10.8.35.C.01."
    ]
  },
  {
    "policyDefinitionReferenceId": "Azure Key Vaults should use private link_1",
    "policyDefinitionId": "/providers/Microsoft.Authorization/policyDefinitions/a6abeaec-4d90-4a02-805f-6b26c4d3fbe9",
    "parameters": {},
    "groupNames": [
      "10.8.35.C.01."
    ]
  },
  {
    "policyDefinitionReferenceId": "Public network access should be disabled for MySQL flexible servers_1",
    "policyDefinitionId": "/providers/Microsoft.Authorization/policyDefinitions/c9299215-ae47-4f50-9c54-8a392f68a052",
    "parameters": {},
    "groupNames": [
      "10.8.35.C.01."
    ]
  },
  {
    "policyDefinitionReferenceId": "Azure SignalR Service should use private link_1",
    "policyDefinitionId": "/providers/Microsoft.Authorization/policyDefinitions/2393d2cf-a342-44cd-a2e2-fe0188fd1234",
    "parameters": {},
    "groupNames": [
      "10.8.35.C.01."
    ]
  },
  {
    "policyDefinitionReferenceId": "Azure Cache for Redis should use private link_1",
    "policyDefinitionId": "/providers/Microsoft.Authorization/policyDefinitions/7803067c-7d34-46e3-8c79-0ca68fc4036d",
    "parameters": {},
    "groupNames": [
      "10.8.35.C.01."
    ]
  },
  {
    "policyDefinitionReferenceId": "Private endpoint connections on Batch accounts should be enabled_1",
    "policyDefinitionId": "/providers/Microsoft.Authorization/policyDefinitions/009a0c92-f5b4-4776-9b66-4ed2b4775563",
    "parameters": {},
    "groupNames": [
      "10.8.35.C.01."
    ]
  },
  {
    "policyDefinitionReferenceId": "Storage accounts should restrict network access using virtual network rules_1",
    "policyDefinitionId": "/providers/Microsoft.Authorization/policyDefinitions/2a1a9cdf-e04d-429a-8416-3bfb72a1b26f",
    "parameters": {},
    "groupNames": [
      "10.8.35.C.01."
    ]
  },
  {
    "policyDefinitionReferenceId": "Azure API for FHIR should use private link_1",
    "policyDefinitionId": "/providers/Microsoft.Authorization/policyDefinitions/1ee56206-5dd1-42ab-b02d-8aae8b1634ce",
    "parameters": {},
    "groupNames": [
      "10.8.35.C.01."
    ]
  },
  {
    "policyDefinitionReferenceId": "Private endpoint should be enabled for PostgreSQL servers_1",
    "policyDefinitionId": "/providers/Microsoft.Authorization/policyDefinitions/0564d078-92f5-4f97-8398-b9f58a51f70b",
    "parameters": {},
    "groupNames": [
      "10.8.35.C.01."
    ]
  },
  {
    "policyDefinitionReferenceId": "Private endpoint should be enabled for MySQL servers_1",
    "policyDefinitionId": "/providers/Microsoft.Authorization/policyDefinitions/7595c971-233d-4bcf-bd18-596129188c49",
    "parameters": {},
    "groupNames": [
      "10.8.35.C.01."
    ]
  },
  {
    "policyDefinitionReferenceId": "Private endpoint should be enabled for MariaDB servers_1",
    "policyDefinitionId": "/providers/Microsoft.Authorization/policyDefinitions/0a1302fb-a631-4106-9753-f3d494733990",
    "parameters": {},
    "groupNames": [
      "10.8.35.C.01."
    ]
  },
  {
    "policyDefinitionReferenceId": "VM Image Builder templates should use private link_1",
    "policyDefinitionId": "/providers/Microsoft.Authorization/policyDefinitions/2154edb9-244f-4741-9970-660785bccdaa",
    "parameters": {},
    "groupNames": [
      "10.8.35.C.01."
    ]
  },
  {
    "policyDefinitionReferenceId": "Private endpoint connections on Azure SQL Database should be enabled_1",
    "policyDefinitionId": "/providers/Microsoft.Authorization/policyDefinitions/7698e800-9299-47a6-b3b6-5a0fee576eed",
    "parameters": {},
    "groupNames": [
      "10.8.35.C.01."
    ]
  },
  {
    "policyDefinitionReferenceId": "Container registries should use private link_1",
    "policyDefinitionId": "/providers/Microsoft.Authorization/policyDefinitions/e8eef0a8-67cf-4eb4-9386-14b0e78733d4",
    "parameters": {},
    "groupNames": [
      "10.8.35.C.01."
    ]
  },
  {
    "policyDefinitionReferenceId": "Storage accounts should use private link_1",
    "policyDefinitionId": "/providers/Microsoft.Authorization/policyDefinitions/6edd7eda-6dd8-40f7-810d-67160c639cd9",
    "parameters": {},
    "groupNames": [
      "10.8.35.C.01."
    ]
  },
  {
    "policyDefinitionReferenceId": "Azure Spring Cloud should use network injection_1",
    "policyDefinitionId": "/providers/Microsoft.Authorization/policyDefinitions/af35e2a4-ef96-44e7-a9ae-853dd97032c4",
    "parameters": {},
    "groupNames": [
      "10.8.35.C.01."
    ]
  },
  {
    "policyDefinitionReferenceId": "Azure Machine Learning workspaces should use private link_1",
    "policyDefinitionId": "/providers/Microsoft.Authorization/policyDefinitions/45e05259-1eb5-4f70-9574-baf73e9d219b",
    "parameters": {},
    "groupNames": [
      "10.8.35.C.01."
    ]
  },
  {
    "policyDefinitionReferenceId": "Azure Event Grid topics should use private link_1",
    "policyDefinitionId": "/providers/Microsoft.Authorization/policyDefinitions/4b90e17e-8448-49db-875e-bd83fb6f804f",
    "parameters": {},
    "groupNames": [
      "10.8.35.C.01."
    ]
  },
  {
    "policyDefinitionReferenceId": "Azure Event Grid domains should use private link_1",
    "policyDefinitionId": "/providers/Microsoft.Authorization/policyDefinitions/9830b652-8523-49cc-b1b3-e17dce1127ca",
    "parameters": {},
    "groupNames": [
      "10.8.35.C.01."
    ]
  },
  {
    "policyDefinitionReferenceId": "App Configuration should use private link_1",
    "policyDefinitionId": "/providers/Microsoft.Authorization/policyDefinitions/ca610c1d-041c-4332-9d88-7ed3094967c7",
    "parameters": {},
    "groupNames": [
      "10.8.35.C.01."
    ]
  },
  {
    "policyDefinitionReferenceId": "System updates on virtual machine scale sets should be installed_1",
    "policyDefinitionId": "/providers/Microsoft.Authorization/policyDefinitions/c3f317a7-a95c-4547-b7e7-11017ebdf2fe",
    "parameters": {},
    "groupNames": [
      "12.4.4.C.02."
    ]
  },
  {
    "policyDefinitionReferenceId": "System updates should be installed on your machines_1",
    "policyDefinitionId": "/providers/Microsoft.Authorization/policyDefinitions/86b3d65f-7626-441e-b690-81a8b71cff60",
    "parameters": {},
    "groupNames": [
      "12.4.4.C.02."
    ]
  },
  {
    "policyDefinitionReferenceId": "Management ports should be closed on your virtual machines_1",
    "policyDefinitionId": "/providers/Microsoft.Authorization/policyDefinitions/22730e10-96f6-4aac-ad84-9383d35b5917",
    "parameters": {},
    "groupNames": [
      "14.1.8.C.01."
    ]
  },
  {
    "policyDefinitionReferenceId": "Function apps should have remote debugging turned off_1",
    "policyDefinitionId": "/providers/Microsoft.Authorization/policyDefinitions/0e60b895-3786-45da-8377-9c6b4b6ac5f9",
    "parameters": {},
    "groupNames": [
      "14.1.8.C.01."
    ]
  },
  {
    "policyDefinitionReferenceId": "App Service apps should have remote debugging turned off_1",
    "policyDefinitionId": "/providers/Microsoft.Authorization/policyDefinitions/cb510bfd-1cba-4d9f-a230-cb0976f4bb71",
    "parameters": {},
    "groupNames": [
      "14.1.8.C.01."
    ]
  },
  {
    "policyDefinitionReferenceId": "Microsoft IaaSAntimalware extension should be deployed on Windows servers_1",
    "policyDefinitionId": "/providers/Microsoft.Authorization/policyDefinitions/9b597639-28e4-48eb-b506-56b05d366257",
    "parameters": {},
    "groupNames": [
      "14.1.9.C.01."
    ]
  },
  {
    "policyDefinitionReferenceId": "Azure Policy Add-on for Kubernetes service (AKS) should be installed and enabled on your clusters_1",
    "policyDefinitionId": "/providers/Microsoft.Authorization/policyDefinitions/0a15ec92-a229-4763-bb14-0ea34a568f8d",
    "parameters": {},
    "groupNames": [
      "14.1.9.C.01."
    ]
  },
  {
    "policyDefinitionReferenceId": "Role-Based Access Control (RBAC) should be used on Kubernetes Services_1",
    "policyDefinitionId": "/providers/Microsoft.Authorization/policyDefinitions/ac4a19c2-fa67-49b4-8ae5-0b2e78c49457",
    "parameters": {},
    "groupNames": [
      "14.1.9.C.01."
    ]
  },
  {
    "policyDefinitionReferenceId": "Microsoft Antimalware for Azure should be configured to automatically update protection signatures_1",
    "policyDefinitionId": "/providers/Microsoft.Authorization/policyDefinitions/c43e4a30-77cb-48ab-a4dd-93f175c63b57",
    "parameters": {},
    "groupNames": [
      "14.1.9.C.01."
    ]
  },
  {
    "policyDefinitionReferenceId": "Kubernetes clusters should not grant CAP_SYS_ADMIN security capabilities_1",
    "policyDefinitionId": "/providers/Microsoft.Authorization/policyDefinitions/d2e7ea85-6b44-4317-a0be-1b951587f626",
    "parameters": {
      "labelSelector": {
        "value": "[parameters('labelSelector')]"
      }
    },
    "groupNames": [
      "14.1.9.C.01."
    ]
  },
  {
    "policyDefinitionReferenceId": "Endpoint protection health issues should be resolved on your machines_1",
    "policyDefinitionId": "/providers/Microsoft.Authorization/policyDefinitions/8e42c1f2-a2ab-49bc-994a-12bcd0dc4ac2",
    "parameters": {},
    "groupNames": [
      "14.1.9.C.01."
    ]
  },
  {
    "policyDefinitionReferenceId": "Kubernetes clusters should not use the default namespace_1",
    "policyDefinitionId": "/providers/Microsoft.Authorization/policyDefinitions/9f061a12-e40d-4183-a00e-171812443373",
    "parameters": {
      "labelSelector": {
        "value": "[parameters('labelSelector')]"
      }
    },
    "groupNames": [
      "14.1.9.C.01."
    ]
  },
  {
    "policyDefinitionReferenceId": "Management ports of virtual machines should be protected with just-in-time network access control_1",
    "policyDefinitionId": "/providers/Microsoft.Authorization/policyDefinitions/b0f33259-77d7-4c9e-aac6-3aabcfae693c",
    "parameters": {},
    "groupNames": [
      "14.1.9.C.01."
    ]
  },
  {
    "policyDefinitionReferenceId": "Monitor missing Endpoint Protection in Azure Security Center_1",
    "policyDefinitionId": "/providers/Microsoft.Authorization/policyDefinitions/af6cd1bd-1635-48cb-bde7-5b15693900b9",
    "parameters": {},
    "groupNames": [
      "14.1.9.C.01."
    ]
  },
  {
    "policyDefinitionReferenceId": "Kubernetes clusters should disable automounting API credentials_1",
    "policyDefinitionId": "/providers/Microsoft.Authorization/policyDefinitions/423dd1ba-798e-40e4-9c4d-b6902674b423",
    "parameters": {
      "labelSelector": {
        "value": "[parameters('labelSelector')]"
      }
    },
    "groupNames": [
      "14.1.9.C.01."
    ]
  },
  {
    "policyDefinitionReferenceId": "Windows Defender Exploit Guard should be enabled on your machines_1",
    "policyDefinitionId": "/providers/Microsoft.Authorization/policyDefinitions/bed48b13-6647-468e-aa2f-1af1d3f4dd40",
    "parameters": {},
    "groupNames": [
      "14.1.9.C.01."
    ]
  },
  {
    "policyDefinitionReferenceId": "Kubernetes clusters should not allow container privilege escalation_1",
    "policyDefinitionId": "/providers/Microsoft.Authorization/policyDefinitions/1c6e92c9-99f0-4e55-9cf2-0c234dc48f99",
    "parameters": {
      "labelSelector": {
        "value": "[parameters('labelSelector')]"
      }
    },
    "groupNames": [
      "14.1.9.C.01."
    ]
  },
  {
    "policyDefinitionReferenceId": "Virtual machines' Guest Configuration extension should be deployed with system-assigned managed identity_1",
    "policyDefinitionId": "/providers/Microsoft.Authorization/policyDefinitions/d26f7642-7545-4e18-9b75-8c9bbdee3a9a",
    "parameters": {},
    "groupNames": [
      "14.1.9.C.01."
    ]
  },
  {
    "policyDefinitionReferenceId": "Kubernetes cluster should not allow privileged containers_1",
    "policyDefinitionId": "/providers/Microsoft.Authorization/policyDefinitions/95edb821-ddaf-4404-9732-666045e056b4",
    "parameters": {
      "labelSelector": {
        "value": "[parameters('labelSelector')]"
      },
      "effect": {
        "value": "[parameters('auditonly-ulc')]"
      }      
    },
    "groupNames": [
      "14.1.9.C.01."
    ]
  },
  {
    "policyDefinitionReferenceId": "Kubernetes cluster containers should run with a read only root file system_1",
    "policyDefinitionId": "/providers/Microsoft.Authorization/policyDefinitions/df49d893-a74c-421d-bc95-c663042e5b80",
    "parameters": {
      "labelSelector": {
        "value": "[parameters('labelSelector')]"
      }
    },
    "groupNames": [
      "14.1.9.C.01."
    ]
  },
  {
    "policyDefinitionReferenceId": "Kubernetes cluster containers should not share host process ID or host IPC namespace_1",
    "policyDefinitionId": "/providers/Microsoft.Authorization/policyDefinitions/47a1ee2f-2a2a-4576-bf2a-e0e36709c2b8",
    "parameters": {
      "labelSelector": {
        "value": "[parameters('labelSelector')]"
      }
    },
    "groupNames": [
      "14.1.9.C.01."
    ]
  },
  {
    "policyDefinitionReferenceId": "Guest Configuration extension should be installed on your machines_1",
    "policyDefinitionId": "/providers/Microsoft.Authorization/policyDefinitions/ae89ebca-1c92-4898-ac2c-9f63decb045c",
    "parameters": {},
    "groupNames": [
      "14.1.9.C.01."
    ]
  },
  {
    "policyDefinitionReferenceId": "Endpoint protection solution should be installed on virtual machine scale sets_1",
    "policyDefinitionId": "/providers/Microsoft.Authorization/policyDefinitions/26a828e1-e88f-464e-bbb3-c134a282b9de",
    "parameters": {},
    "groupNames": [
      "14.1.9.C.01."
    ]
  },
  {
    "policyDefinitionReferenceId": "Endpoint protection should be installed on your machines_1",
    "policyDefinitionId": "/providers/Microsoft.Authorization/policyDefinitions/1f7c564c-0a90-4d44-b7e1-9d456cffaee8",
    "parameters": {},
    "groupNames": [
      "14.1.9.C.01."
    ]
  },
  {
    "policyDefinitionReferenceId": "Kubernetes clusters should be accessible only over HTTPS_1",
    "policyDefinitionId": "/providers/Microsoft.Authorization/policyDefinitions/1a5b4dca-0b6f-4cf5-907c-56316bc1bf3d",
    "parameters": {
      "labelSelector": {
        "value": "[parameters('labelSelector')]"
      },
      "effect": {
        "value": "[parameters('auditonly-ulc')]"
      }  
    },
    "groupNames": [
      "14.1.9.C.01."
    ]
  },
  {
    "policyDefinitionReferenceId": "Adaptive application controls for defining safe applications should be enabled on your machines_1",
    "policyDefinitionId": "/providers/Microsoft.Authorization/policyDefinitions/47a6b606-51aa-4496-8bb7-64b11cf66adc",
    "parameters": {},
    "groupNames": [
      "14.2.4.C.01."
    ]
  },
  {
    "policyDefinitionReferenceId": "Allowlist rules in your adaptive application control policy should be updated_1",
    "policyDefinitionId": "/providers/Microsoft.Authorization/policyDefinitions/123a3936-f020-408a-ba0c-47873faf1534",
    "parameters": {},
    "groupNames": [
      "14.2.4.C.01."
    ]
  },
  {
    "policyDefinitionReferenceId": "Function apps should require FTPS only_1",
    "policyDefinitionId": "/providers/Microsoft.Authorization/policyDefinitions/399b2637-a50f-4f95-96f8-3a145476eb15",
    "parameters": {},
    "groupNames": [
      "14.5.8.C.01."
    ]
  },
  {
    "policyDefinitionReferenceId": "Function apps should only be accessible over HTTPS_1",
    "policyDefinitionId": "/providers/Microsoft.Authorization/policyDefinitions/6d555dd1-86f2-4f1c-8ed7-5abae7c6cbab",
    "parameters": {},
    "groupNames": [
      "14.5.8.C.01."
    ]
  },
  {
    "policyDefinitionReferenceId": "App Service apps should have authentication enabled_1",
    "policyDefinitionId": "/providers/Microsoft.Authorization/policyDefinitions/95bccee9-a7f8-4bec-9ee9-62c3473701fc",
    "parameters": {},
    "groupNames": [
      "14.5.8.C.01."
    ]
  },
  {
    "policyDefinitionReferenceId": "App Service apps should have 'Client Certificates (Incoming client certificates)' enabled_1",
    "policyDefinitionId": "/providers/Microsoft.Authorization/policyDefinitions/5bb220d9-2698-4ee4-8404-b9c30c9df609",
    "parameters": {},
    "groupNames": [
      "14.5.8.C.01."
    ]
  },
  {
    "policyDefinitionReferenceId": "App Service apps should not have CORS configured to allow every resource to access your apps_1",
    "policyDefinitionId": "/providers/Microsoft.Authorization/policyDefinitions/5744710e-cc2f-4ee8-8809-3b11e89f4bc9",
    "parameters": {},
    "groupNames": [
      "14.5.8.C.01."
    ]
  },
  {
    "policyDefinitionReferenceId": "App Service apps should only be accessible over HTTPS_1",
    "policyDefinitionId": "/providers/Microsoft.Authorization/policyDefinitions/a4af4a39-4135-47fb-b175-47fbdf85311d",
    "parameters": {},
    "groupNames": [
      "14.5.8.C.01."
    ]
  },
  {
    "policyDefinitionReferenceId": "App Service apps should require FTPS only_1",
    "policyDefinitionId": "/providers/Microsoft.Authorization/policyDefinitions/4d24b6d4-5e53-4a4f-a7f4-618fa573ee4b",
    "parameters": {},
    "groupNames": [
      "14.5.8.C.01."
    ]
  },
  {
    "policyDefinitionReferenceId": "App Service apps should use latest 'HTTP Version'_1",
    "policyDefinitionId": "/providers/Microsoft.Authorization/policyDefinitions/8c122334-9d20-4eb8-89ea-ac9a705b74ae",
    "parameters": {},
    "groupNames": [
      "14.5.8.C.01."
    ]
  },
  {
    "policyDefinitionReferenceId": "App Service apps that use Java should use a specified 'Java version'_1",
    "policyDefinitionId": "/providers/Microsoft.Authorization/policyDefinitions/496223c3-ad65-4ecd-878a-bae78737e9ed",
    "parameters": {},
    "groupNames": [
      "14.5.8.C.01."
    ]
  },
  {
    "policyDefinitionReferenceId": "App Service apps that use PHP should use a specified 'PHP version'_1",
    "policyDefinitionId": "/providers/Microsoft.Authorization/policyDefinitions/7261b898-8a84-4db8-9e04-18527132abb3",
    "parameters": {},
    "groupNames": [
      "14.5.8.C.01."
    ]
  },
  {
    "policyDefinitionReferenceId": "App Service apps that use Python should use a specified 'Python version'_1",
    "policyDefinitionId": "/providers/Microsoft.Authorization/policyDefinitions/7008174a-fd10-4ef0-817e-fc820a951d73",
    "parameters": {},
    "groupNames": [
      "14.5.8.C.01."
    ]
  },
  {
    "policyDefinitionReferenceId": "Function apps should have authentication enabled_1",
    "policyDefinitionId": "/providers/Microsoft.Authorization/policyDefinitions/c75248c1-ea1d-4a9c-8fc9-29a6aabd5da8",
    "parameters": {},
    "groupNames": [
      "14.5.8.C.01."
    ]
  },
  {
    "policyDefinitionReferenceId": "Function apps should have 'Client Certificates (Incoming client certificates)' enabled_1",
    "policyDefinitionId": "/providers/Microsoft.Authorization/policyDefinitions/eaebaea7-8013-4ceb-9d14-7eb32271373c",
    "parameters": {},
    "groupNames": [
      "14.5.8.C.01."
    ]
  },
  {
    "policyDefinitionReferenceId": "Function apps should not have CORS configured to allow every resource to access your apps_1",
    "policyDefinitionId": "/providers/Microsoft.Authorization/policyDefinitions/0820b7b9-23aa-4725-a1ce-ae4558f718e5",
    "parameters": {},
    "groupNames": [
      "14.5.8.C.01."
    ]
  },
  {
    "policyDefinitionReferenceId": "Function apps that use Python should use a specified 'Python version'_1",
    "policyDefinitionId": "/providers/Microsoft.Authorization/policyDefinitions/7238174a-fd10-4ef0-817e-fc820a951d73",
    "parameters": {},
    "groupNames": [
      "14.5.8.C.01."
    ]
  },
  {
    "policyDefinitionReferenceId": "Function apps that use Java should use a specified 'Java version'_1",
    "policyDefinitionId": "/providers/Microsoft.Authorization/policyDefinitions/9d0b6ea4-93e2-4578-bf2f-6bb17d22b4bc",
    "parameters": {},
    "groupNames": [
      "14.5.8.C.01."
    ]
  },
  {
    "policyDefinitionReferenceId": "Function apps should use latest 'HTTP Version'_1",
    "policyDefinitionId": "/providers/Microsoft.Authorization/policyDefinitions/e2c1c086-2d84-4019-bff3-c44ccd95113c",
    "parameters": {},
    "groupNames": [
      "14.5.8.C.01."
    ]
  },
  {
    "policyDefinitionReferenceId": "Cosmos DB database accounts should have local authentication methods disabled_1",
    "policyDefinitionId": "/providers/Microsoft.Authorization/policyDefinitions/5450f5bd-9c72-4390-a9c4-a7aba4edfdd2",
    "parameters": {},
    "groupNames": [
      "16.1.32.C.01."
    ]
  },
  {
    "policyDefinitionReferenceId": "App Service apps should use managed identity_1",
    "policyDefinitionId": "/providers/Microsoft.Authorization/policyDefinitions/2b9ad585-36bc-4615-b300-fd4435808332",
    "parameters": {},
    "groupNames": [
      "16.1.32.C.01."
    ]
  },
  {
    "policyDefinitionReferenceId": "Function apps should use managed identity_1",
    "policyDefinitionId": "/providers/Microsoft.Authorization/policyDefinitions/0da106f2-4ca3-48e8-bc85-c638fe6aea8f",
    "parameters": {},
    "groupNames": [
      "16.1.32.C.01."
    ]
  },
  {
    "policyDefinitionReferenceId": "Service Fabric clusters should only use Azure Active Directory for client authentication_1",
    "policyDefinitionId": "/providers/Microsoft.Authorization/policyDefinitions/b54ed75b-3e1a-44ac-a333-05ba39b99ff0",
    "parameters": {},
    "groupNames": [
      "16.1.32.C.01."
    ]
  },
  {
    "policyDefinitionReferenceId": "Azure SQL Database should have Azure Active Directory Only Authentication enabled_1",
    "policyDefinitionId": "/providers/Microsoft.Authorization/policyDefinitions/abda6d70-9778-44e7-84a8-06713e6db027",
    "parameters": {},
    "groupNames": [
      "16.1.32.C.01."
    ]
  },
  {
    "policyDefinitionReferenceId": "A maximum of 3 owners should be designated for your subscription_1",
    "policyDefinitionId": "/providers/Microsoft.Authorization/policyDefinitions/4f11b553-d42e-4e3a-89be-32ca364cad4c",
    "parameters": {},
    "groupNames": [
      "16.3.5.C.02."
    ]
  },
  {
    "policyDefinitionReferenceId": "There should be more than one owner assigned to your subscription_1",
    "policyDefinitionId": "/providers/Microsoft.Authorization/policyDefinitions/09024ccc-0c5f-475e-9457-b7c0d9ed487b",
    "parameters": {},
    "groupNames": [
      "16.4.30.C.01."
    ]
  },
  {
    "policyDefinitionReferenceId": "Guest accounts with read permissions on Azure resources should be removed_1",
    "policyDefinitionId": "/providers/Microsoft.Authorization/policyDefinitions/e9ac8f8e-ce22-4355-8f04-99b911d6be52",
    "parameters": {},
    "groupNames": [
      "16.4.30.C.01."
    ]
  },
  {
    "policyDefinitionReferenceId": "Blocked accounts with owner permissions on Azure resources should be removed_1",
    "policyDefinitionId": "/providers/Microsoft.Authorization/policyDefinitions/0cfea604-3201-4e14-88fc-fae4c427a6c5",
    "parameters": {},
    "groupNames": [
      "16.4.30.C.01."
    ]
  },
  {
    "policyDefinitionReferenceId": "Guest accounts with write permissions on Azure resources should be removed_1",
    "policyDefinitionId": "/providers/Microsoft.Authorization/policyDefinitions/94e1c2ac-cbbe-4cac-a2b5-389c812dee87",
    "parameters": {},
    "groupNames": [
      "16.4.30.C.01."
    ]
  },
  {
    "policyDefinitionReferenceId": "Guest accounts with owner permissions on Azure resources should be removed_1",
    "policyDefinitionId": "/providers/Microsoft.Authorization/policyDefinitions/339353f6-2387-4a45-abe4-7f529d121046",
    "parameters": {},
    "groupNames": [
      "16.4.30.C.01."
    ]
  },
  {
    "policyDefinitionReferenceId": "Blocked accounts with read and write permissions on Azure resources should be removed_1",
    "policyDefinitionId": "/providers/Microsoft.Authorization/policyDefinitions/8d7e1fde-fe26-4b5f-8108-f8e432cbc2be",
    "parameters": {},
    "groupNames": [
      "16.4.30.C.01."
    ]
  },
  {
    "policyDefinitionReferenceId": "An Azure Active Directory administrator should be provisioned for SQL servers_1",
    "policyDefinitionId": "/providers/Microsoft.Authorization/policyDefinitions/1f314764-cb73-4fc9-b863-8eca98ac36e9",
    "parameters": {},
    "groupNames": [
      "16.4.32.C.01."
    ]
  },
  {
    "policyDefinitionReferenceId": "Key Vault keys should have an expiration date_1",
    "policyDefinitionId": "/providers/Microsoft.Authorization/policyDefinitions/152b15f7-8e1f-4c1f-ab71-8c010ba5dbc0",
    "parameters": {},
    "groupNames": [
      "17.1.58.C.01."
    ]
  },
  {
    "policyDefinitionReferenceId": "Key Vault secrets should have an expiration date_1",
    "policyDefinitionId": "/providers/Microsoft.Authorization/policyDefinitions/98728c90-32c7-4049-8429-847dc0f4fe37",
    "parameters": {},
    "groupNames": [
      "17.1.58.C.01."
    ]
  },
  {
    "policyDefinitionReferenceId": "Storage account keys should not be expired_1",
    "policyDefinitionId": "/providers/Microsoft.Authorization/policyDefinitions/044985bb-afe1-42cd-8a36-9d5d42424537",
    "parameters": {},
    "groupNames": [
      "17.1.58.C.01."
    ]
  },
  {
    "policyDefinitionReferenceId": "Keys using RSA cryptography should have a specified minimum key size_1",
    "policyDefinitionId": "/providers/Microsoft.Authorization/policyDefinitions/82067dbb-e53b-4e06-b631-546d197452d9",
    "parameters": {
      "minimumRSAKeySize": {
        "value": "[parameters('minimumRSAKeySize-82067dbb-e53b-4e06-b631-546d197452d9')]"
      }
    },
    "groupNames": [
      "17.2.19.C.01."
    ]
  },
  {
    "policyDefinitionReferenceId": "Keys using elliptic curve cryptography should have the specified curve names_1",
    "policyDefinitionId": "/providers/Microsoft.Authorization/policyDefinitions/ff25f3c8-b739-4538-9d07-3d6d25cfb255",
    "parameters": {},
    "groupNames": [
      "17.2.22.C.01."
    ]
  },
  {
    "policyDefinitionReferenceId": "Certificates using RSA cryptography should have the specified minimum key size_1",
    "policyDefinitionId": "/providers/Microsoft.Authorization/policyDefinitions/cee51871-e572-4576-855c-047c820360f0",
    "parameters": {
      "minimumRSAKeySize": {
        "value": "[parameters('minimumRSAKeySize-cee51871-e572-4576-855c-047c820360f0')]"
      }
    },
    "groupNames": [
      "17.2.24.C.01."
    ]
  },
  {
    "policyDefinitionReferenceId": "App Service apps should use the latest TLS version_1",
    "policyDefinitionId": "/providers/Microsoft.Authorization/policyDefinitions/f0e6e85b-9b9f-4a4b-b67b-f730d42f1b0b",
    "parameters": {},
    "groupNames": [
      "17.4.16.C.01."
    ]
  },
  {
    "policyDefinitionReferenceId": "Function apps should use the latest TLS version_1",
    "policyDefinitionId": "/providers/Microsoft.Authorization/policyDefinitions/f9d614c5-c173-4d56-95a7-b4437057d193",
    "parameters": {},
    "groupNames": [
      "17.4.16.C.01."
    ]
  },
  {
    "policyDefinitionReferenceId": "Windows web servers should be configured to use secure communication protocols_1",
    "policyDefinitionId": "/providers/Microsoft.Authorization/policyDefinitions/5752e6d6-1206-46d8-8ab1-ecc2f71a8112",
    "parameters": {},
    "groupNames": [
      "17.4.16.C.01."
    ]
  },
  {
    "policyDefinitionReferenceId": "IP Forwarding on your virtual machine should be disabled_1",
    "policyDefinitionId": "/providers/Microsoft.Authorization/policyDefinitions/bd352bd5-2853-4985-bf0d-73806b4a5744",
    "parameters": {},
    "groupNames": [
      "17.5.6.C.01."
    ]
  },
  {
    "policyDefinitionReferenceId": "Authentication to Linux machines should require SSH keys_1",
    "policyDefinitionId": "/providers/Microsoft.Authorization/policyDefinitions/630c64f9-8b6b-4c64-b511-6544ceff6fd6",
    "parameters": {},
    "groupNames": [
      "17.5.7.C.01."
    ]
  },
  {
    "policyDefinitionReferenceId": "Adaptive network hardening recommendations should be applied on internet facing virtual machines_1",
    "policyDefinitionId": "/providers/Microsoft.Authorization/policyDefinitions/08e6af2d-db70-460a-bfe9-d5bd474ba9d6",
    "parameters": {},
    "groupNames": [
      "18.1.10.C.01."
    ]
  },
  {
    "policyDefinitionReferenceId": "Internet-facing virtual machines should be protected with network security groups_1",
    "policyDefinitionId": "/providers/Microsoft.Authorization/policyDefinitions/f6de0be7-9a8a-4b8a-b349-43cf02d22f7c",
    "parameters": {},
    "groupNames": [
      "18.1.13.C.02."
    ]
  },
  {
    "policyDefinitionReferenceId": "Enforce SSL connection should be enabled for MySQL database servers_1",
    "policyDefinitionId": "/providers/Microsoft.Authorization/policyDefinitions/e802a67a-daf5-4436-9ea6-f6d821dd0c5d",
    "parameters": {},
    "groupNames": [
      "18.1.13.C.02."
    ]
  },
  {
    "policyDefinitionReferenceId": "Only secure connections to your Azure Cache for Redis should be enabled_1",
    "policyDefinitionId": "/providers/Microsoft.Authorization/policyDefinitions/22bee202-a82f-4305-9a2a-6d7f44d4dedb",
    "parameters": {},
    "groupNames": [
      "18.1.13.C.02."
    ]
  },
  {
    "policyDefinitionReferenceId": "Secure transfer to storage accounts should be enabled_1",
    "policyDefinitionId": "/providers/Microsoft.Authorization/policyDefinitions/404c3081-a854-4457-ae30-26a93ef643f9",
    "parameters": {},
    "groupNames": [
      "18.1.13.C.02."
    ]
  },
  {
    "policyDefinitionReferenceId": "Authorized IP ranges should be defined on Kubernetes Services_1",
    "policyDefinitionId": "/providers/Microsoft.Authorization/policyDefinitions/0e246bcf-5f6f-4f87-bc6f-775d4712c7ea",
    "parameters": {},
    "groupNames": [
      "18.1.13.C.02."
    ]
  },
  {
    "policyDefinitionReferenceId": "CORS should not allow every domain to access your API for FHIR_1",
    "policyDefinitionId": "/providers/Microsoft.Authorization/policyDefinitions/0fea8f8a-4169-495d-8307-30ec335f387d",
    "parameters": {},
    "groupNames": [
      "18.1.13.C.02."
    ]
  },
  {
    "policyDefinitionReferenceId": "Azure Key Vault should have firewall enabled_1",
    "policyDefinitionId": "/providers/Microsoft.Authorization/policyDefinitions/55615ac9-af46-4a59-874e-391cc3dfb490",
    "parameters": {},
    "groupNames": [
      "18.1.13.C.02."
    ]
  },
  {
    "policyDefinitionReferenceId": "Subnets should be associated with a Network Security Group_1",
    "policyDefinitionId": "/providers/Microsoft.Authorization/policyDefinitions/e71308d3-144b-4262-b144-efdc3cc90517",
    "parameters": {},
    "groupNames": [
      "18.1.13.C.02."
    ]
  },
  {
    "policyDefinitionReferenceId": "Cognitive Services accounts should disable public network access_1",
    "policyDefinitionId": "/providers/Microsoft.Authorization/policyDefinitions/0725b4dd-7e76-479c-a735-68e7ee23d5ca",
    "parameters": {},
    "groupNames": [
      "18.1.13.C.02."
    ]
  },
  {
    "policyDefinitionReferenceId": "Container registries should not allow unrestricted network access_1",
    "policyDefinitionId": "/providers/Microsoft.Authorization/policyDefinitions/d0793b48-0edc-4296-a390-4c75d1bdfd71",
    "parameters": {},
    "groupNames": [
      "18.1.13.C.02."
    ]
  },
  {
    "policyDefinitionReferenceId": "Storage accounts should restrict network access_1",
    "policyDefinitionId": "/providers/Microsoft.Authorization/policyDefinitions/34c877ad-507e-4c82-993e-3452a6e0ad3c",
    "parameters": {},
    "groupNames": [
      "18.1.13.C.02."
    ]
  },
  {
    "policyDefinitionReferenceId": "Azure Cosmos DB accounts should have firewall rules_1",
    "policyDefinitionId": "/providers/Microsoft.Authorization/policyDefinitions/862e97cf-49fc-4a5c-9de4-40d4e2e7c8eb",
    "parameters": {
      "effect": {
        "value": "[parameters('auditonly-three')]"
      }
    },
    "groupNames": [
      "18.1.13.C.02."
    ]
  },
  {
    "policyDefinitionReferenceId": "Enforce SSL connection should be enabled for PostgreSQL database servers_1",
    "policyDefinitionId": "/providers/Microsoft.Authorization/policyDefinitions/d158790f-bfb0-486c-8631-2dc6b4e8e6af",
    "parameters": {},
    "groupNames": [
      "18.1.13.C.02."
    ]
  },
  {
    "policyDefinitionReferenceId": "Public network access should be disabled for PostgreSQL servers_1",
    "policyDefinitionId": "/providers/Microsoft.Authorization/policyDefinitions/b52376f7-9612-48a1-81cd-1ffe4b61032c",
    "parameters": {},
    "groupNames": [
      "18.1.13.C.02."
    ]
  },
  {
    "policyDefinitionReferenceId": "Public network access should be disabled for MySQL servers_1",
    "policyDefinitionId": "/providers/Microsoft.Authorization/policyDefinitions/d9844e8a-1437-4aeb-a32c-0c992f056095",
    "parameters": {},
    "groupNames": [
      "18.1.13.C.02."
    ]
  },
  {
    "policyDefinitionReferenceId": "Public network access should be disabled for MariaDB servers_1",
    "policyDefinitionId": "/providers/Microsoft.Authorization/policyDefinitions/fdccbe47-f3e3-4213-ad5d-ea459b2fa077",
    "parameters": {},
    "groupNames": [
      "18.1.13.C.02."
    ]
  },
  {
    "policyDefinitionReferenceId": "Public network access on Azure SQL Database should be disabled_1",
    "policyDefinitionId": "/providers/Microsoft.Authorization/policyDefinitions/1b8ca024-1d5c-4dec-8995-b1a932b41780",
    "parameters": {},
    "groupNames": [
      "18.1.13.C.02."
    ]
  },
  {
    "policyDefinitionReferenceId": "Non-internet-facing virtual machines should be protected with network security groups_1",
    "policyDefinitionId": "/providers/Microsoft.Authorization/policyDefinitions/bb91dfba-c30d-4263-9add-9c2384e659a6",
    "parameters": {},
    "groupNames": [
      "18.1.13.C.02."
    ]
  },
  {
    "policyDefinitionReferenceId": "Cognitive Services accounts should restrict network access_1",
    "policyDefinitionId": "/providers/Microsoft.Authorization/policyDefinitions/037eea7a-bd0a-46c5-9a66-03aea78705d3",
    "parameters": {},
    "groupNames": [
      "18.1.13.C.02."
    ]
  },
  {
    "policyDefinitionReferenceId": "All network ports should be restricted on network security groups associated to your virtual machine_1",
    "policyDefinitionId": "/providers/Microsoft.Authorization/policyDefinitions/9daedab3-fb2d-461e-b861-71790eead4f6",
    "parameters": {},
    "groupNames": [
      "18.1.13.C.02."
    ]
  },
  {
    "policyDefinitionReferenceId": "Connection throttling should be enabled for PostgreSQL database servers_1",
    "policyDefinitionId": "/providers/Microsoft.Authorization/policyDefinitions/5345bb39-67dc-4960-a1bf-427e16b9a0bd",
    "parameters": {},
    "groupNames": [
      "18.4.7.C.02."
    ]
  },
  {
    "policyDefinitionReferenceId": "Azure DDoS Protection Standard should be enabled_1",
    "policyDefinitionId": "/providers/Microsoft.Authorization/policyDefinitions/a7aca53f-2ed4-4466-a25e-0b45ade68efd",
    "parameters": {},
    "groupNames": [
      "18.4.7.C.02."
    ]
  },
  {
    "policyDefinitionReferenceId": "Azure Web Application Firewall should be enabled for Azure Front Door entry-points_1",
    "policyDefinitionId": "/providers/Microsoft.Authorization/policyDefinitions/055aa869-bc98-4af8-bafc-23f1ab6ffe2c",
    "parameters": {},
    "groupNames": [
      "18.4.8.C.01."
    ]
  },
  {
    "policyDefinitionReferenceId": "Web Application Firewall (WAF) should be enabled for Application Gateway_1",
    "policyDefinitionId": "/providers/Microsoft.Authorization/policyDefinitions/564feb30-bf6a-4854-b4bb-0d2d2d1e6c66",
    "parameters": {},
    "groupNames": [
      "18.4.8.C.01."
    ]
  },
  {
    "policyDefinitionReferenceId": "All authorization rules except RootManageSharedAccessKey should be removed from Service Bus namespace_1",
    "policyDefinitionId": "/providers/Microsoft.Authorization/policyDefinitions/a1817ec0-a368-432a-8057-8371e17ac6ee",
    "parameters": {},
    "groupNames": [
      "18.4.8.C.01."
    ]
  },
  {
    "policyDefinitionReferenceId": "Web Application Firewall (WAF) should use the specified mode for Azure Front Door Service_1",
    "policyDefinitionId": "/providers/Microsoft.Authorization/policyDefinitions/425bea59-a659-4cbb-8d31-34499bd030b8",
    "parameters": {},
    "groupNames": [
      "18.4.8.C.01."
    ]
  },
  {
    "policyDefinitionReferenceId": "Web Application Firewall (WAF) should use the specified mode for Application Gateway_1",
    "policyDefinitionId": "/providers/Microsoft.Authorization/policyDefinitions/12430be1-6cc8-4527-a9a8-e3d38f250096",
    "parameters": {},
    "groupNames": [
      "18.4.8.C.01."
    ]
  },
  {
    "policyDefinitionReferenceId": "Accounts with owner permissions on Azure resources should be MFA enabled_1",
    "policyDefinitionId": "/providers/Microsoft.Authorization/policyDefinitions/e3e008c3-56b9-4133-8fd7-d3347377402a",
    "parameters": {},
    "groupNames": [
      "23.3.19.C.01."
    ]
  },
  {
    "policyDefinitionReferenceId": "Accounts with write permissions on Azure resources should be MFA enabled_1",
    "policyDefinitionId": "/providers/Microsoft.Authorization/policyDefinitions/931e118d-50a1-4457-a5e4-78550e086c52",
    "parameters": {},
    "groupNames": [
      "23.3.19.C.01."
    ]
  },
  {
    "policyDefinitionReferenceId": "Accounts with read permissions on Azure resources should be MFA enabled_1",
    "policyDefinitionId": "/providers/Microsoft.Authorization/policyDefinitions/81b3ccb4-e6e8-4e4a-8d05-5df25cd29fd4",
    "parameters": {},
    "groupNames": [
      "23.3.19.C.01."
    ]
  },
  {
    "policyDefinitionReferenceId": "Key vaults should have deletion protection enabled_1",
    "policyDefinitionId": "/providers/Microsoft.Authorization/policyDefinitions/0b60c0b2-2dc2-4e1c-b5c9-abbed971de53",
    "parameters": {},
    "groupNames": [
      "23.4.9.C.01."
    ]
  },
  {
    "policyDefinitionReferenceId": "Key vaults should have soft delete enabled_1",
    "policyDefinitionId": "/providers/Microsoft.Authorization/policyDefinitions/1e66c121-a66a-4b1f-9b83-0fd99bf0fc2d",
    "parameters": {},
    "groupNames": [
      "23.4.9.C.01."
    ]
  },
  {
    "policyDefinitionReferenceId": "Automation account variables should be encrypted_1",
    "policyDefinitionId": "/providers/Microsoft.Authorization/policyDefinitions/3657f5a0-770e-44a3-b44e-9431ba1e9735",
    "parameters": {},
    "groupNames": [
      "23.4.9.C.01."
    ]
  },
  {
    "policyDefinitionReferenceId": "MySQL servers should use customer-managed keys to encrypt data at rest_1",
    "policyDefinitionId": "/providers/Microsoft.Authorization/policyDefinitions/83cef61d-dbd1-4b20-a4fc-5fbc7da10833",
    "parameters": {},
    "groupNames": [
      "23.4.9.C.01."
    ]
  },
  {
    "policyDefinitionReferenceId": "Azure Machine Learning workspaces should be encrypted with a customer-managed key_1",
    "policyDefinitionId": "/providers/Microsoft.Authorization/policyDefinitions/ba769a63-b8cc-4b2d-abf6-ac33c7204be8",
    "parameters": {},
    "groupNames": [
      "23.4.9.C.01."
    ]
  },
  {
    "policyDefinitionReferenceId": "Azure Key Vault Managed HSM should have purge protection enabled_1",
    "policyDefinitionId": "/providers/Microsoft.Authorization/policyDefinitions/c39ba22d-4428-4149-b981-70acb31fc383",
    "parameters": {},
    "groupNames": [
      "23.4.9.C.01."
    ]
  },
  {
    "policyDefinitionReferenceId": "PostgreSQL servers should use customer-managed keys to encrypt data at rest_1",
    "policyDefinitionId": "/providers/Microsoft.Authorization/policyDefinitions/18adea5e-f416-4d0f-8aa8-d24321e3e274",
    "parameters": {},
    "groupNames": [
      "23.4.9.C.01."
    ]
  },
  {
    "policyDefinitionReferenceId": "Virtual machines should encrypt temp disks, caches, and data flows between Compute and Storage resources_1",
    "policyDefinitionId": "/providers/Microsoft.Authorization/policyDefinitions/0961003e-5a0a-4549-abde-af6a37f2724d",
    "parameters": {},
    "groupNames": [
      "23.4.9.C.01."
    ]
  },
  {
    "policyDefinitionReferenceId": "Transparent Data Encryption on SQL databases should be enabled_1",
    "policyDefinitionId": "/providers/Microsoft.Authorization/policyDefinitions/17k78e20-9358-41c9-923c-fb736d382a12",
    "parameters": {},
    "groupNames": [
      "23.4.9.C.01."
    ]
  },
  {
    "policyDefinitionReferenceId": "Azure Cosmos DB accounts should use customer-managed keys to encrypt data at rest_1",
    "policyDefinitionId": "/providers/Microsoft.Authorization/policyDefinitions/1f905d99-2ab7-462c-a6b0-f709acca6c8f",
    "parameters": {},
    "groupNames": [
      "23.4.9.C.01."
    ]
  },
  {
    "policyDefinitionReferenceId": "Storage accounts should use customer-managed key for encryption_1",
    "policyDefinitionId": "/providers/Microsoft.Authorization/policyDefinitions/6fac406b-40ca-413b-bf8e-0bf964659c25",
    "parameters": {},
    "groupNames": [
      "23.4.9.C.01."
    ]
  },
  {
    "policyDefinitionReferenceId": "SQL servers should use customer-managed keys to encrypt data at rest_1",
    "policyDefinitionId": "/providers/Microsoft.Authorization/policyDefinitions/0a370ff3-6cab-4e85-8995-295fd854c5b8",
    "parameters": {},
    "groupNames": [
      "23.4.9.C.01."
    ]
  },
  {
    "policyDefinitionReferenceId": "Service Fabric clusters should have the ClusterProtectionLevel property set to EncryptAndSign_1",
    "policyDefinitionId": "/providers/Microsoft.Authorization/policyDefinitions/617c02be-7f02-4efd-8836-3180d47b6c68",
    "parameters": {},
    "groupNames": [
      "23.4.9.C.01."
    ]
  },
  {
    "policyDefinitionReferenceId": "Cognitive Services accounts should enable data encryption with a customer-managed key_1",
    "policyDefinitionId": "/providers/Microsoft.Authorization/policyDefinitions/67121cc7-ff39-4ab8-b7e3-95b84dab487d",
    "parameters": {},
    "groupNames": [
      "23.4.9.C.01."
    ]
  },
  {
    "policyDefinitionReferenceId": "SQL managed instances should use customer-managed keys to encrypt data at rest_1",
    "policyDefinitionId": "/providers/Microsoft.Authorization/policyDefinitions/ac01ad65-10e5-46df-bdd9-6b0cad13e1d2",
    "parameters": {},
    "groupNames": [
      "23.4.9.C.01."
    ]
  },
  {
    "policyDefinitionReferenceId": "Disk encryption should be enabled on Azure Data Explorer_1",
    "policyDefinitionId": "/providers/Microsoft.Authorization/policyDefinitions/f4b53539-8df9-40e4-86c6-6b607703bd4e",
    "parameters": {},
    "groupNames": [
      "23.4.9.C.01."
    ]
  },
  {
    "policyDefinitionReferenceId": "Container registries should be encrypted with a customer-managed key_1",
    "policyDefinitionId": "/providers/Microsoft.Authorization/policyDefinitions/5b9159ae-1701-4a6f-9a7a-aa9c8ddd0580",
    "parameters": {},
    "groupNames": [
      "23.4.9.C.01."
    ]
  },
  {
    "policyDefinitionReferenceId": "Resource logs in Key Vault should be enabled_1",
    "policyDefinitionId": "/providers/Microsoft.Authorization/policyDefinitions/cf820ca0-f99e-4f3e-84fb-66e913812d21",
    "parameters": {
      "requiredRetentionDays": {
        "value": "[parameters('requiredRetentionDays')]"
      }
    },
    "groupNames": [
      "23.5.11.C.01."
    ]
  },
  {
    "policyDefinitionReferenceId": "Auto provisioning of the Log Analytics agent should be enabled on your subscription_1",
    "policyDefinitionId": "/providers/Microsoft.Authorization/policyDefinitions/475aae12-b88a-4572-8b36-9b712b2b3a17",
    "parameters": {},
    "groupNames": [
      "23.5.11.C.01."
    ]
  },
  {
    "policyDefinitionReferenceId": "App Service apps should have resource logs enabled_1",
    "policyDefinitionId": "/providers/Microsoft.Authorization/policyDefinitions/91a78b24-f231-4a8a-8da9-02c35b2b6510",
    "parameters": {
      "requiredRetentionDays": {
        "value": "[parameters('requiredRetentionDays')]"
      }
    },
    "groupNames": [
      "23.5.11.C.01."
    ]
  },
  {
    "policyDefinitionReferenceId": "Audit usage of custom RBAC roles_1",
    "policyDefinitionId": "/providers/Microsoft.Authorization/policyDefinitions/a451c1ef-c6ca-483d-87ed-f49761e3ffb5",
    "parameters": {},
    "groupNames": [
      "23.5.11.C.01."
    ]
  },
  {
    "policyDefinitionReferenceId": "Auditing on SQL server should be enabled_1",
    "policyDefinitionId": "/providers/Microsoft.Authorization/policyDefinitions/a6fb4358-5bf4-4ad7-ba82-2cd2f41ce5e9",
    "parameters": {},
    "groupNames": [
      "23.5.11.C.01."
    ]
  },
  {
    "policyDefinitionReferenceId": "Disconnections should be logged for PostgreSQL database servers._1",
    "policyDefinitionId": "/providers/Microsoft.Authorization/policyDefinitions/eb6f77b9-bd53-4e35-a23d-7f65d5f0e446",
    "parameters": {},
    "groupNames": [
      "23.5.11.C.01."
    ]
  },
  {
    "policyDefinitionReferenceId": "Log Analytics agent should be installed on your virtual machine for Azure Security Center monitoring_1",
    "policyDefinitionId": "/providers/Microsoft.Authorization/policyDefinitions/a4fe33eb-e377-4efb-ab31-0784311bc499",
    "parameters": {},
    "groupNames": [
      "23.5.11.C.01."
    ]
  },
  {
    "policyDefinitionReferenceId": "SQL servers with auditing to storage account destination should be configured with 90 days retention or higher_1",
    "policyDefinitionId": "/providers/Microsoft.Authorization/policyDefinitions/89099bee-89e0-4b26-a5f4-165451757743",
    "parameters": {},
    "groupNames": [
      "23.5.11.C.01."
    ]
  },
  {
    "policyDefinitionReferenceId": "Log connections should be enabled for PostgreSQL database servers_1",
    "policyDefinitionId": "/providers/Microsoft.Authorization/policyDefinitions/eb6f77b9-bd53-4e35-a23d-7f65d5f0e442",
    "parameters": {},
    "groupNames": [
      "23.5.11.C.01."
    ]
  },
  {
    "policyDefinitionReferenceId": "Resource logs in Logic Apps should be enabled_1",
    "policyDefinitionId": "/providers/Microsoft.Authorization/policyDefinitions/34f95f76-5386-4de7-b824-0d8478470c9d",
    "parameters": {
      "requiredRetentionDays": {
        "value": "[parameters('requiredRetentionDays')]"
      }
    },
    "groupNames": [
      "23.5.11.C.01."
    ]
  },
  {
    "policyDefinitionReferenceId": "Resource logs in Azure Data Lake Store should be enabled_1",
    "policyDefinitionId": "/providers/Microsoft.Authorization/policyDefinitions/057ef27e-665e-4328-8ea3-04b3122bd9fb",
    "parameters": {
      "requiredRetentionDays": {
        "value": "[parameters('requiredRetentionDays')]"
      }
    },
    "groupNames": [
      "23.5.11.C.01."
    ]
  },
  {
    "policyDefinitionReferenceId": "Resource logs in Azure Kubernetes Service should be enabled_1",
    "policyDefinitionId": "/providers/Microsoft.Authorization/policyDefinitions/245fc9df-fa96-4414-9a0b-3738c2f7341c",
    "parameters": {
      "requiredRetentionDays": {
        "value": "[parameters('requiredRetentionDays')]"
      }
    },
    "groupNames": [
      "23.5.11.C.01."
    ]
  },
  {
    "policyDefinitionReferenceId": "Resource logs in Service Bus should be enabled_1",
    "policyDefinitionId": "/providers/Microsoft.Authorization/policyDefinitions/f8d36e2f-389b-4ee4-898d-21aeb69a0f45",
    "parameters": {
      "requiredRetentionDays": {
        "value": "[parameters('requiredRetentionDays')]"
      }
    },
    "groupNames": [
      "23.5.11.C.01."
    ]
  },
  {
    "policyDefinitionReferenceId": "Resource logs in Search services should be enabled_1",
    "policyDefinitionId": "/providers/Microsoft.Authorization/policyDefinitions/b4330a05-a843-4bc8-bf9a-cacce50c67f4",
    "parameters": {
      "requiredRetentionDays": {
        "value": "[parameters('requiredRetentionDays')]"
      }
    },
    "groupNames": [
      "23.5.11.C.01."
    ]
  },
  {
    "policyDefinitionReferenceId": "Resource logs in Batch accounts should be enabled_1",
    "policyDefinitionId": "/providers/Microsoft.Authorization/policyDefinitions/428256e6-1fac-4f48-a757-df34c2b3336d",
    "parameters": {
      "requiredRetentionDays": {
        "value": "[parameters('requiredRetentionDays')]"
      }
    },
    "groupNames": [
      "23.5.11.C.01."
    ]
  },
  {
    "policyDefinitionReferenceId": "Resource logs in Data Lake Analytics should be enabled_1",
    "policyDefinitionId": "/providers/Microsoft.Authorization/policyDefinitions/c95c74d9-38fe-4f0d-af86-0c7d626a315c",
    "parameters": {
      "requiredRetentionDays": {
        "value": "[parameters('requiredRetentionDays')]"
      }
    },
    "groupNames": [
      "23.5.11.C.01."
    ]
  },
  {
    "policyDefinitionReferenceId": "Resource logs in Event Hub should be enabled_1",
    "policyDefinitionId": "/providers/Microsoft.Authorization/policyDefinitions/83a214f7-d01a-484b-91a9-ed54470c9a6a",
    "parameters": {
      "requiredRetentionDays": {
        "value": "[parameters('requiredRetentionDays')]"
      }
    },
    "groupNames": [
      "23.5.11.C.01."
    ]
  },
  {
    "policyDefinitionReferenceId": "Resource logs in IoT Hub should be enabled_1",
    "policyDefinitionId": "/providers/Microsoft.Authorization/policyDefinitions/383856f8-de7f-44a2-81fc-e5135b5c2aa4",
    "parameters": {
      "requiredRetentionDays": {
        "value": "[parameters('requiredRetentionDays')]"
      }
    },
    "groupNames": [
      "23.5.11.C.01."
    ]
  },
  {
    "policyDefinitionReferenceId": "Log Analytics agent should be installed on your virtual machine scale sets for Azure Security Center monitoring_1",
    "policyDefinitionId": "/providers/Microsoft.Authorization/policyDefinitions/a3a6ea0c-e018-4933-9ef0-5aaa1501449b",
    "parameters": {},
    "groupNames": [
      "23.5.11.C.01."
    ]
  },
  {
    "policyDefinitionReferenceId": "Resource logs in Azure Stream Analytics should be enabled_1",
    "policyDefinitionId": "/providers/Microsoft.Authorization/policyDefinitions/f9be5368-9bf5-4b84-9e0a-7850da98bb46",
    "parameters": {
      "requiredRetentionDays": {
        "value": "[parameters('requiredRetentionDays')]"
      }
    },
    "groupNames": [
      "23.5.11.C.01."
    ]
  }
]
